{"cameraMode":{"drawMode":0,"name":"Shaded","section":"Shading Mode"},"sceneLighting":true,"audioPlay":false,"sceneViewState":{"m_AlwaysRefresh":false,"showFog":true,"showSkybox":true,"showFlares":true,"showImageEffects":true,"showParticleSystems":true,"showVisualEffectGraphs":true,"m_FxEnabled":true},"in2DMode":false,"pivot":{"x":0.14183594286441804,"y":0.323021799325943,"z":1.0660384893417359},"rotation":{"x":-0.04619339480996132,"y":-0.006296065170317888,"z":0.0003054110857192427,"w":-0.9989305138587952},"size":4.436380863189697,"orthographic":false}