{"cameraMode":{"drawMode":0,"name":"Shaded","section":"Shading Mode"},"sceneLighting":false,"audioPlay":false,"sceneViewState":{"m_AlwaysRefresh":false,"showFog":true,"showSkybox":false,"showFlares":true,"showImageEffects":true,"showParticleSystems":true,"showVisualEffectGraphs":true,"m_FxEnabled":true},"in2DMode":false,"pivot":{"x":-0.002848297357559204,"y":0.5653517246246338,"z":-3.895972728729248},"rotation":{"x":0.19396021962165833,"y":-0.033239200711250308,"z":0.006574864499270916,"w":0.9804307818412781},"size":1.4090744256973267,"orthographic":false}